{"cameraMode":{"drawMode":0,"name":"Shaded","section":"Shading Mode"},"sceneLighting":true,"audioPlay":false,"sceneViewState":{"showFog":false,"showMaterialUpdate":false,"showSkybox":false,"showFlares":false,"showImageEffects":false,"showParticleSystems":true},"in2DMode":false,"pivot":{"x":-364.5079040527344,"y":-44.56826400756836,"z":654.5986328125},"rotation":{"x":-0.03507169708609581,"y":0.25647950172424319,"z":-0.009325079619884491,"w":-0.9658681750297546},"size":621.3488159179688,"orthographic":false}