{"cameraMode":{"drawMode":0,"name":"Shaded","section":"Shading Mode"},"sceneLighting":true,"audioPlay":false,"sceneViewState":{"showFog":false,"showMaterialUpdate":false,"showSkybox":false,"showFlares":false,"showImageEffects":false,"showParticleSystems":true},"in2DMode":false,"pivot":{"x":-75.46836853027344,"y":-7.736027717590332,"z":359.0380859375},"rotation":{"x":-0.13191403448581696,"y":0.13200300931930543,"z":-0.01772370934486389,"w":-0.9822728037834168},"size":41.160423278808597,"orthographic":false}