{"cameraMode":{"drawMode":0,"name":"Shaded","section":"Shading Mode"},"sceneLighting":true,"audioPlay":false,"sceneViewState":{"showFog":false,"showMaterialUpdate":false,"showSkybox":false,"showFlares":false,"showImageEffects":false,"showParticleSystems":true},"in2DMode":false,"pivot":{"x":-7.669425964355469,"y":-1.1106293201446534,"z":49.840972900390628},"rotation":{"x":0.5332119464874268,"y":-0.28651484847068789,"z":0.19816642999649049,"w":0.7709243297576904},"size":42.34528350830078,"orthographic":false}