{"cameraMode":{"drawMode":0,"name":"Shaded","section":"Shading Mode"},"sceneLighting":true,"audioPlay":false,"sceneViewState":{"showFog":false,"showMaterialUpdate":false,"showSkybox":false,"showFlares":false,"showImageEffects":false,"showParticleSystems":true},"in2DMode":false,"pivot":{"x":-87.10198974609375,"y":-2.16770601272583,"z":141.3465576171875},"rotation":{"x":-0.009221469983458519,"y":0.9906640648841858,"z":-0.09000319242477417,"w":-0.10197640210390091},"size":73.63020324707031,"orthographic":false}