{"cameraMode":{"drawMode":0,"name":"Shaded","section":"Shading Mode"},"sceneLighting":true,"audioPlay":false,"sceneViewState":{"showFog":false,"showMaterialUpdate":false,"showSkybox":false,"showFlares":false,"showImageEffects":false,"showParticleSystems":true},"in2DMode":false,"pivot":{"x":-139.16311645507813,"y":-19.278799057006837,"z":778.1066284179688},"rotation":{"x":-0.012292523868381977,"y":0.02854751981794834,"z":-0.00036262100911699235,"w":-0.9995167851448059},"size":1156.2728271484375,"orthographic":false}