{"cameraMode":{"drawMode":0,"name":"Shaded","section":"Shading Mode"},"sceneLighting":true,"audioPlay":false,"sceneViewState":{"showFog":false,"showMaterialUpdate":false,"showSkybox":false,"showFlares":false,"showImageEffects":false,"showParticleSystems":false},"in2DMode":false,"pivot":{"x":222.88339233398438,"y":161.2437744140625,"z":13.115631103515625},"rotation":{"x":-0.0464780367910862,"y":0.01498375367373228,"z":-0.000696944713126868,"w":-0.9988067150115967},"size":364.4208984375,"orthographic":false}